source;author;title;description;url;publishedAt;content;country;category;sentiment
NBC News;Matt Bradley;Disease, hunger and Israeli strikes: Six months after Trump’s ceasefire in Gaza;She spent the winter struggling to protect her six young children from the biting cold and driving rain.;https://www.nbcnews.com/world/gaza/disease-hunger-israeli-strikes-six-months-trumps-ceasefire-gaza-rcna341013;2026-04-25T10:08:32Z;Optimistic plans to improve the enclaves security, provide reconstruction and humanitarian relief, and institute a more permanent governance structure in Gaza are gridlocked by diplomatic disagreemen… [+3323 chars];Unknown;Displacement-Driven Crisis (refugees, camps, migration);negative
Daily Post Nigeria;Pache Chiedozie;Biafra: 'Nigeria's breakup likely inevitable and just' - Ex-US mayor Mike Arnold;"A former mayor in the United States,, Mike Arnold, has said the breakup of Nigeria is ""likely inevitable and just"". Arnold, known for being sympathetic to the Biafra struggle, made the statement in a presentation to members of the US Congress. In the presenta…";https://dailypost.ng/2026/04/25/biafra-nigerias-breakup-likely-inevitable-and-just-ex-us-mayor-mark-arnold/;2026-04-25T09:35:32Z;"A former mayor in the United States,, Mike Arnold, has said the breakup of Nigeria is “likely inevitable and just”.
Arnold, known for being sympathetic to the Biafra struggle, made the statement in … [+4538 chars]";Niger;Conflict-Driven Crisis (war, violence, attacks on healthcare);neutral
Vanguard;Oboh;Sachet Alcohol: Sacrificing our children for profit?;"NAFDAC’s decision to ban the production and sale of alcohol in sachets and small bottles (below 200 ml) is not an act of regulatory overreach
The post Sachet Alcohol: Sacrificing our children for profit? appeared first on Vanguard News.";https://www.vanguardngr.com/2026/04/sachet-alcohol-sacrificing-our-children-for-profit/;2026-04-25T06:46:44Z;"By Magnus Onyibe
The National Agency For Food and Drugs Admistration Commission, NAFDACs decision to ban the production and sale of alcohol in sachets and small bottles (below 200 ml) is not an act … [+15019 chars]";Unknown;Displacement-Driven Crisis (refugees, camps, migration);neutral
The Irish Times;Sally Rooney;Sally Rooney: Fragility of global fuel systems strengthens the case for rationing;We cannot increase the amount of oil and gas available, but we can decide how to fairly distribute the supply;https://www.irishtimes.com/life-style/people/2026/04/25/sally-rooney-fragility-of-global-fuel-systems-strengthens-the-case-for-rationing/;2026-04-25T05:00:00Z;"When goods are scarce, how are they distributed? That is: when lots of people want something, but there isnt enough for everyone, who gets what they want and who doesnt? 
In a market system, prices … [+7066 chars]";Unknown;Displacement-Driven Crisis (refugees, camps, migration);neutral
Smallwarsjournal.com;Víctor M. Vázquez Rodríguez;Structural Consequences of Economic Crisis and US Militarization in the Caribbean: Drug Scarcity, Crime Escalation, and Narco-Entrepreneurship in Puerto Rico;Since 2025, Puerto Rico has become a front line in the US fight against transnational drug trafficking, but the island’s struggle is more than a security issue. Amid an ongoing fiscal crisis, recurring natural disasters, and prolonged political instability, m…;https://smallwarsjournal.com/2026/04/24/structural-consequences-of-economic-crisis-and-us-militarization-in-the-caribbean-drug-scarcity-crime-escalation-and-narco-entrepreneurship-in-puerto-rico/;2026-04-24T23:00:33Z;Since 2025, Puerto Rico has become a front line in the US fight against transnational drug trafficking, but the islands struggle is more than a security issue. Amid an ongoing fiscal crisis, recurrin… [+40031 chars];Unknown;Displacement-Driven Crisis (refugees, camps, migration);neutral
Ewtnnews.com;Gigi Duncan;Catholic Relief Services urges lawmakers to prioritize global hunger as farm bill vote nears;The humanitarian agency stressed the need to protect international food assistance amid growing global hunger and domestic policy debates.;https://www.ewtnnews.com/world/us/catholic-relief-services-urges-lawmakers-to-prioritize-global-hunger-as-farm-bill-vote-nears;2026-04-24T22:10:09Z;"WASHINGTON, D.C. As the U.S. House of Representatives nears a crucial vote on the farm bill, Catholic Relief Services (CRS) is urging lawmakers not to sideline international hunger relief.
In a rece… [+7726 chars]";Unknown;Food & Nutrition-Driven Crisis (famine, malnutrition, starvation);neutral
Lse.ac.uk;Blog Admin;What it means if US actions during the Iran conflict may have broken international humanitarian law;Since the conflict began, the US has faced accusations that some of its actions against Iran may constitute violations of international law. Jim Rice writes that these alleged breaches should be seen in the context of previous US actions targeting suspected d…;https://blogs.lse.ac.uk/usappblog/2026/04/24/what-it-means-if-us-actions-during-the-iran-conflict-may-have-broken-international-humanitarian-law/;2026-04-24T17:33:45Z;Since the conflict began, the US has faced accusations that some of its actions against Iran may constitute violations of international law. Jim Rice writes that these alleged breaches should be seen… [+7459 chars];Iran;Conflict-Driven Crisis (war, violence, attacks on healthcare);negative
gcaptain.com;Paul Morgan;Middle East Reconstruction Poses a Carbon Shock as Shipping Bears the Climate Bill;New academic research suggests reconstruction emissions from Gaza could rival weeks of global shipping emissions, raising questions about carbon accountability. By Paul Morgan (Opinion) – The concrete and steel needed...;https://gcaptain.com/middle-east-reconstruction-poses-a-carbon-shock-as-shipping-bears-the-climate-bill/;2026-04-24T17:20:52Z;"New academic research suggests reconstruction emissions from Gaza could rival weeks of global shipping emissions, raising questions about carbon accountability.
By Paul Morgan (Opinion) – The concre… [+13156 chars]";Unknown;Conflict-Driven Crisis (war, violence, attacks on healthcare);neutral
Truthout;Nour Abo Aisha;Lacking Proper Sanitation, Gaza’s Tent Camps Are Being Overrun by Rodents;As conditions in Gaza’s tent camps worsen, rodents bring disease and destruction.;https://truthout.org/articles/lacking-proper-sanitation-gazas-tent-camps-are-being-overrun-by-rodents/;2026-04-24T17:04:09Z;"Part of the Series
Truthout is a vital news source and a living history of political struggle. If you think our work is valuable, support us with a donation of any size.
In Gaza, displaced families… [+9863 chars]";Unknown;Epidemic & Disease-Driven Crisis (cholera, outbreak, infectious disease);negative
Freerepublic.com;;Trump’s War of Choice With Iran Threatens a Global Hunger and Health Crisis;President Trump’s war of choice is generating a devastating food and health crisis, made far worse by his administration’s gutting of the global humanitarian system.;https://freerepublic.com/focus/f-news/4376287/posts;2026-04-24T17:00:29Z;"Skip to comments.
Trumps War of Choice With Iran Threatens a Global Hunger and Health Crisishttps://www.americanprogress.org/article/trumps-war-of-choice-with-iran-threatens-a-global-hunger-and-heal… [+4035 chars]";Iran;Conflict-Driven Crisis (war, violence, attacks on healthcare);negative
The Times of India;Muskan Singh;Quote of the Day by Michael Jackson: 'The most difficult thing is the decision to act...'—Inspiring quotes by the 'King of Pop,' the Moonwalker;Quote of the Day: Michael Jackson, the 'King of Pop,' confessed to profound loneliness despite his global fame and joyful childhood moments with his brothers. His early life, dominated by rigorous training and performance, led to emotional isolation. This quo…;https://economictimes.indiatimes.com/news/international/us/quote-of-the-day-by-michael-jackson-the-most-difficult-thing-is-the-decision-to-act-inspiring-quotes-by-the-king-of-pop-the-moonwalker/articleshow/130498414.cms;2026-04-24T16:14:57Z;Quote of the Day: A powerful Quote of the Day doesnt always come wrapped in grand philosophy. Sometimes, it arrives as a deeply personal admission, simple, raw, and impossible to ignore. Few figures … [+8386 chars];Unknown;Epidemic & Disease-Driven Crisis (cholera, outbreak, infectious disease);neutral
Www.gov.uk;Foreign, Commonwealth & Development Office;Conflict remains a leading cause of hunger: Minister Chapman speech at launch of 2026 Global Report on Food Crises;Minister for Development Jenny Chapman gave a speech at the high-level ceremony to launch the 2026 Global Report on Food Crises in London;https://www.gov.uk/government/speeches/conflict-remains-a-leading-cause-of-hunger-minister-chapman-speech-at-launch-of-2026-global-report-on-food-crises;2026-04-24T15:37:02Z;"Thank you to everybody here for all that you do to put evidence at the heart of how we confront global hunger.
We are here to launch the 10th Global Report on Food Crises.
But were also here becaus… [+5906 chars]";Unknown;Food & Nutrition-Driven Crisis (famine, malnutrition, starvation);neutral
Mondoweiss;Michael Arria;How the corporate media helped fuel Israel’s genocide in Gaza;Mondoweiss speaks with media critic Adam Johnson about his new book detailing how cable shows, newspapers, and online news sites helped build support for the mass killing of Palestinians.;https://mondoweiss.net/2026/04/how-the-corporate-media-helped-fuel-israels-genocide-in-gaza/;2026-04-24T15:15:00Z;In his new book, How to Sell a Genocide: The Medias Complicity in the Destruction of Gaza, media critic Adam Johnson provides a painstakingly detailed indictment of the Fourth Estate, showing how cab… [+41143 chars];Unknown;Conflict-Driven Crisis (war, violence, attacks on healthcare);negative
Plos.org;Omar Muhumed Maidhane, Omran Salih, Abdisalam Hassan Muse, Abdirahman Omer Osman, Muse H. Abdi, Mahdi Hashi Hassan, Nur Mohamud Ali, Shacban Abdilahi Elmi;Spatial distribution and determinants of unimproved sanitation facilities among households in Somalia: Using Somalia integrated household budget survey (SIHBS 2022);Background Access to adequate sanitation remains a critical public health challenge in Somalia, where a large portion of the population relies on unimproved facilities due to persistent conflict, climate shocks, and political instability. This reliance contri…;https://journals.plos.org/plosone/article?id=10.1371/journal.pone.0348029;2026-04-24T14:00:00Z;"Abstract
Background
Access to adequate sanitation remains a critical public health challenge in Somalia, where a large portion of the population relies on unimproved facilities due to persistent co… [+42860 chars]";Mali;Conflict-Driven Crisis (war, violence, attacks on healthcare);negative
UN News;dpicampaigns;Two-thirds of global hunger concentrated in 10 conflict-hit countries;A growing share of global hunger is becoming entrenched in a small group of conflict-hit countries, with two-thirds of people facing acute food insecurity concentrated in just 10 nations, a major international report backed by UN agencies warns. Read Full Sto…;https://news.un.org/en/story/2026/04/1167374;2026-04-24T12:00:00Z;The 2026 Global Report on Food Crises, released on Friday by an alliance of UN agencies, the European Union (EU) and partners, finds that 266 million people across 47 countries experienced high level… [+4210 chars];Unknown;Food & Nutrition-Driven Crisis (famine, malnutrition, starvation);negative
HuffPost;HuffPost;'Nobody's Spared From This Conflict': Lebanon's People Are In Survival Mode;Israel's bombing has killed thousands, displaced more than a million and rendered health care barely accessible for Lebanon's women and children.;https://www.huffpost.com/entry/lebanon-humanitarian-crisis-survival-mode_n_69e8fef5e4b0bb584bc850fa;2026-04-24T11:00:18Z;When Rabih Torbay landed in Lebanon on April 8, he was shocked to find the airport and the road to Beirut empty. The drive brought back memories of his childhood during the countrys civil war several… [+7944 chars];Lebanon;Conflict-Driven Crisis (war, violence, attacks on healthcare);negative
Meshkal.org;Meshkal;En Tunisie, des voix s'élèvent contre le racisme alors que les politiques anti-migrants se durcissent (Anglais);Anti-racist protesters are speaking out against a climate of racism against black migrants fostered by official discourse.;https://meshkal.org/voices-rise-against-racism-in-tunisia-as-policy-hardens/;2026-04-24T10:40:58Z;"Tunis - Chahd Lina Belhadj
Earlier this month, dozens of activists, students, and members of civil society marched through downtown Tunis holding signs denouncing racial discrimination, calling for … [+18677 chars]";Unknown;Displacement-Driven Crisis (refugees, camps, migration);negative
RTE;RTÉ News;Two-thirds of world's hungriest in 10 countries - report;Two-thirds of people facing food crises globally last year lived in just 10 countries, with a third of them in Sudan, Nigeria and the Democratic Republic of Congo, a UN-backed yearly report said today.;https://www.rte.ie/news/world/2026/0424/1569958-countries-hunger-un/;2026-04-24T10:21:17Z;Two-thirds of people facing food crises globally last year lived in just 10 countries, with a third of them in Sudan, Nigeria and the Democratic Republic of Congo, a UN-backed yearly report said toda… [+2287 chars];Democratic Republic of Congo;Food & Nutrition-Driven Crisis (famine, malnutrition, starvation);neutral
Vanguard;Ayobami;Nigeria, Sudan, eight others home to two-thirds of world’s most hungry – UN;"Two-thirds of people facing food crises globally last year lived in just 10 countries, with a third of them in Sudan, Nigeria and the Democratic Republic of Congo, a UN-backed yearly report said Friday.
The post Nigeria, Sudan, eight others home to two-thirds…";https://www.vanguardngr.com/2026/04/nigeria-sudan-eight-others-home-to-two-thirds-of-worlds-most-hungry-un/;2026-04-24T09:43:15Z;Two-thirds of people facing food crises globally last year lived in just 10 countries, with a third of them in Sudan, Nigeria and the Democratic Republic of Congo, a UN-backed yearly report said Frid… [+2282 chars];Democratic Republic of Congo;Food & Nutrition-Driven Crisis (famine, malnutrition, starvation);neutral
POLITICO.eu;Bartosz Brzeziński;Global hunger hits most severe level in years as aid funding collapses, UN warns;"""Severe hunger has doubled, and famine has been declared in two places. The same countries are caught in a devastating cycle of hunger — fueled by conflict and compounded by inadequate funding,"" says food aid chief Cindy McCain.";https://www.politico.eu/article/global-hunger-hits-severe-level-aid-funding-collapses-un-warns/;2026-04-24T09:28:52Z;Humanitarian and development spending on food crises has collapsed to 2016-2017 levels, the report says, against a backdrop of a nearly 57 percent drop in U.S. foreign aid last year and sweeping cuts… [+1588 chars];Unknown;Food & Nutrition-Driven Crisis (famine, malnutrition, starvation);negative
The Times of India;AFP;10 countries are home to two-thirds of world's most hungry: UN-backed report;A UN-backed report reveals two-thirds of global food crises last year were concentrated in just 10 countries, with Sudan, Nigeria, and the DRC bearing a third of the burden. Conflict remains the primary driver, and the outlook for 2026 is bleak due to ongoing…;https://economictimes.indiatimes.com/news/international/world-news/10-countries-are-home-to-two-thirds-of-worlds-most-hungry-un-backed-report/articleshow/130489312.cms;2026-04-24T09:19:38Z;Rome: Two-thirds of people facing food crises globally last year lived in just 10 countries, with a third of them in Sudan, Nigeria and the Democratic Republic of Congo, a UN-backed yearly report sai… [+2298 chars];Democratic Republic of Congo;Conflict-Driven Crisis (war, violence, attacks on healthcare);negative
Vanguard;Akinbayo Wahab;Food Crisis: Nigeria, Sudan among 10 countries home to world’s most hungry – UN report;"Around 266 million people in 47 countries or territories experienced high levels of acute food insecurity last year, nearly double the share recorded in 2016, the report said.
The post Food Crisis: Nigeria, Sudan among 10 countries home to world’s most hungry…";https://www.vanguardngr.com/2026/04/food-crisis-nigeria-sudan-among-10-countries-home-to-worlds-most-hungry-un-report/;2026-04-24T09:11:17Z;Two-thirds of people facing food crises globally last year lived in just 10 countries, with a third of them in Sudan, Nigeria and the Democratic Republic of Congo, a UN-backed yearly report said Frid… [+2293 chars];Democratic Republic of Congo;Food & Nutrition-Driven Crisis (famine, malnutrition, starvation);negative
Al Jazeera English;Al Jazeera;Global hunger report warns of rising malnutrition and famine risks;Conflict remains the leading driver of hunger, affecting nearly 150 million people facing acute food shortages.;https://www.aljazeera.com/news/2026/4/24/global-hunger-report-warns-of-rising-malnutrition-and-famine-risks;2026-04-24T09:02:15Z;Famine was confirmed in two places in 2025 areas of the Gaza Strip and Sudan the first such dual confirmation since formal famine reporting began, according to the Global Report on Food Crises (GRFC)… [+4327 chars];Sudan;Conflict-Driven Crisis (war, violence, attacks on healthcare);negative
Antiwar.com;Jordan Liz;The Pope Is Right – The US-Israeli War With Iran Violates Just-War Theory;On April 10th, Pope Leo XIV posted on Twitter/X, “God does not bless any conflict. Anyone who is a disciple of Christ, the Prince of Peace, is never on the side of those who once wielded the sword and today drop bombs. Military action will not create space fo…;https://original.antiwar.com/jordan_liz/2026/04/23/the-pope-is-right-the-us-israeli-war-with-iran-violates-just-war-theory/;2026-04-24T00:00:12Z;On April 10th, Pope Leo XIV posted on Twitter/X, God does not bless any conflict. Anyone who is a disciple of Christ, the Prince of Peace, is never on the side of those who once wielded the sword and… [+9492 chars];Unknown;Conflict-Driven Crisis (war, violence, attacks on healthcare);neutral
The Punch;Punch Newspapers;5,000 displaced in Borno, humanitarian needs overwhelming — MSF;"Violence in Borno, Nigeria, displaces 5,000, creating a dire humanitarian crisis. MSF calls for urgent aid for food, water, and shelter in Pulka.

Read More: https://punchng.com/5000-displaced-in-borno-humanitarian-needs-overwhelming-msf/";https://punchng.com/5000-displaced-in-borno-humanitarian-needs-overwhelming-msf/;2026-04-23T23:23:27Z;Médecins Sans Frontières on Thursday said it has launched an emergency response in Northeast Nigeria after fresh violence in Borno State displaced more than 5,000 people, many of whom are now living … [+3252 chars];Niger;Conflict-Driven Crisis (war, violence, attacks on healthcare);negative
Vox;Eric Levitz;The real problem with Hasan Piker;Hasan Piker is exceptionally good at ranting about politics while playing video games. In the late 20th century, this would have made him a fun (if exhausting) hang. In today’s era, it has rendered him one of the most influential left-wing commentators in Ame…;https://www.vox.com/politics/486091/hasan-piker-democrats-israel-china;2026-04-23T22:33:36Z;"Hasan Piker at the Web Summit Qatar 2026 in Doha, Qatar. | Shauna Clinton/Sportsfile via Getty Images


Hasan Piker is exceptionally good at ranting about politics while playing video games. In the … [+15409 chars]";Unknown;Epidemic & Disease-Driven Crisis (cholera, outbreak, infectious disease);positive
RT;RT;War without end? How Israel became trapped in its own security doctrine;As Israel moves past another Independence Day, its war on terror is raising doubts about whether force can prevent the next October 7 Read Full Article at RT.com;https://www.rt.com/news/638963-war-without-end-israel/;2026-04-23T19:58:52Z;Born out of the need for safety, Israel today finds itself navigating a reality defined by recurring conflict and persistent insecurity. As another Independence Day has passed, for West Jerusalem the… [+17714 chars];Unknown;Conflict-Driven Crisis (war, violence, attacks on healthcare);negative
Al Jazeera English;Al Jazeera Staff;More than 6 million Somalis face hunger amid climate shocks and conflict;"Drought, failed rains, and conflict drive 6.5 million Somalis into hunger; children face acute malnutrition risks.";https://www.aljazeera.com/news/2026/4/23/more-than-6-million-somalis-face-hunger-amid-climate-shocks-and-conflict;2026-04-23T17:45:35Z;On the outskirts of Somalias southern port city, the land has become an open graveyard for cattle. Some are left where they fell, while others are buried in shallow graves after consecutive failed ra… [+6423 chars];Mali;Food & Nutrition-Driven Crisis (famine, malnutrition, starvation);negative
Hollywood Reporter;Brande Victorian;2026 Peabody Awards Winners List;HBO received the most awards across the entertainment and documentary categories with a total of six wins.;http://www.hollywoodreporter.com/tv/tv-news/peabody-awards-winners-list-2026-1236572641/;2026-04-23T17:00:00Z;"The 34 winners of the 2026 Peabody Awards have been announced.
Entertainment and documentary titles had a strong showing with a total of 11 and 10 wins, respectively, in each category. Among network… [+21132 chars]";Unknown;Epidemic & Disease-Driven Crisis (cholera, outbreak, infectious disease);positive
Deadline;Patrick Hipes;Peabody Awards Winners Include ‘Heated Rivalry’, ‘Jimmy Kimmel Live!’, ‘The Pitt’, Oscar Winner ‘Mr. Nobody Against Putin’;Oscar-winning documentary Mr Nobody Against Putin, Emmy winners Adolescence and The Pitt, in-the-zeitgeist shows including Jimmy Kimmel Live!, Pluribus and Heated Rivalry, and news and interactive specials touching on the war in Gaza, immigration, ICE and the…;http://deadline.com/2026/04/2026-peabody-awards-winners-list-1236868900/;2026-04-23T17:00:00Z;Oscar-winning documentary Mr Nobody Against Putin, Emmy winners Adolescence and The Pitt, in-the-zeitgeist shows including Jimmy Kimmel Live!, Pluribus and Heated Rivalry, and news and interactive sp… [+20974 chars];Unknown;Displacement-Driven Crisis (refugees, camps, migration);neutral
La Repubblica;repubblicawww@repubblica.it (Redazione Repubblica.it);Zack Polanski, the new star of the left: “NATO, taxes on the rich and Brexit: it’s time for change”;A long conversation (in a London park) with the 43-year-old leader of the Green Party, who is soaring in the polls and could wipe out Labour: “I am Jewish, but what is happening in Gaza is genocide and Israel must be boycotted. What I really think about Trump…;https://www.repubblica.it/esteri/2026/04/23/news/zack_polanski_the_new_star_of_the_left_nato_taxes_on_the_rich_and_brexit_it_s_time_for_change-425302086/;2026-04-23T16:59:20Z;LONDON - Amo Italia. Sto imparando italiano. Now in English. Im still learning Italian. I have a dear, deep love and affection to Italy, Zack Polanski, the new icon and standard-bearer of the British… [+46654 chars];Italy;Conflict-Driven Crisis (war, violence, attacks on healthcare);neutral
The Atlantic;Gisela Salim-Peyer;Cubans’ Despair;Economic desperation has morphed into frustration, including at those purporting to help.;https://www.theatlantic.com/ideas/2026/04/cuba-crisis-oil-blockade/686865/;2026-04-23T16:05:28Z;Cubans for decades have been buffeted by great powers, repressed by their own government, crushed by economic crises, and paraded as the victims of a succession of sanctions imposed by the White Hous… [+13506 chars];Unknown;Displacement-Driven Crisis (refugees, camps, migration);negative
The Punch;Punch Newspapers;MSF unveils emergency aid for 5,000 displaced by Borno violence;"MSF launches an emergency response for 5,000 people displaced by fresh Borno violence, providing essential aid, water, and sanitation in Pulka.

Read More: https://punchng.com/msf-unveils-emergency-aid-for-5000-displaced-by-borno-violence/";https://punchng.com/msf-unveils-emergency-aid-for-5000-displaced-by-borno-violence/;2026-04-23T15:38:56Z;Médecins Sans Frontières on Thursday said it has launched an emergency response in northeast Nigeria after fresh violence in Borno State displaced more than 5,000 people, many of whom are now living … [+3269 chars];Niger;Conflict-Driven Crisis (war, violence, attacks on healthcare);neutral
Associated Press;AP;Algeria’s Leading Author Says He’s Been Sentenced To Prison For His Prize-Winning Novel;French-Algerian author Kamel Daoud says he has been sentenced to three years in prison in Algeria for his book “Houris.” The novel won France’s top literary award in 2024. It focuses on victims of Algeria’s “black decade.” This conflict began in 1991 when the…;https://apnews.com/article/france-algeria-writer-kamel-daoud-sentenced-28832ad67d766894153294e9877b12a1;2026-04-23T15:03:00Z;PARIS (AP) French-Algerian author Kamel Daoud said Wednesday that he has been sentenced to three years in prison in Algeria for his book Houris, a recipient of Frances most prestigious literary award… [+2701 chars];France;Conflict-Driven Crisis (war, violence, attacks on healthcare);negative
Opiniojuris.org;Sergey Sayapin;International Law for a Fragile World: When Risk Outpaces Control – AI, Bioengineering, and Cyber-Autonomy;[Dr Sergey Sayapin is Professor of Law at KIMEP University (Almaty, Kazakhstan) and Distinguished Visiting Global Scholar at the NUS Centre for International Law (2025)] If climate change exposes the limits of consent-based governance in ecological systems, t…;http://opiniojuris.org/2026/04/23/international-law-for-a-fragile-world-when-risk-outpaces-control-ai-bioengineering-and-cyber-autonomy/;2026-04-23T12:00:50Z;"[Dr Sergey Sayapin is Professor of Law at KIMEP University (Almaty, Kazakhstan) and Distinguished Visiting Global Scholar at the NUS Centre for International Law (2025)]
If climate change exposes th… [+18563 chars]";Kazakhstan;Environmental Disaster-Driven Crisis (flood, drought, earthquake);neutral
Globalsecurity.org;John Pike;China's four-point proposal: a constructive contribution to Middle East peace and stability;During a recent meeting with Sheikh Khaled bin Mohamed bin Zayed Al Nahyan, Crown Prince of Abu Dhabi, United Arab Emirates (UAE), Chinese President Xi Jinping put forward a four-point proposal on promoting peace and stability in the Middle East.;https://www.globalsecurity.org/wmd/library/news/iran/2026/04/iran-260423-pdo01.htm;2026-04-23T11:53:58Z;"People's Daily Online
By He Yin (People's Daily) 10:55, April 23, 2026
During a recent meeting with Sheikh Khaled bin Mohamed bin Zayed Al Nahyan, Crown Prince of Abu Dhabi, United Arab Emirates (U… [+6178 chars]";Unknown;Conflict-Driven Crisis (war, violence, attacks on healthcare);neutral
PetaPixel;Jeremy Gray;World Press Photo of the Year 2026 Shows the Impact of Immigration Enforcement;"World Press Photo announced the winners of its annual competition earlier this month, highlighting powerful and poignant photojournalism from around the world. Today, World Press Photo unveiled its Photo of the Year for 2026.
[Read More]";https://petapixel.com/2026/04/23/world-press-photo-of-the-year-2026-shows-the-impact-of-immigration-enforcement/;2026-04-23T09:00:34Z;Separated by ICE | “‘Please understand we are coming here for a better opportunity, not just for ourselves, but for our children,’ said Cocha, after her husband, Luis, was detained by ICE agents foll… [+7017 chars];Unknown;Epidemic & Disease-Driven Crisis (cholera, outbreak, infectious disease);positive
Al Jazeera English;Al Jazeera Staff;Israeli strike kills five in Gaza, including three children;Israel has committed 2,400 violations of the 'ceasefire' deal struck with Hamas in October, Gaza officials say.;https://www.aljazeera.com/news/2026/4/23/israeli-strike-kills-five-in-gaza-including-three-children;2026-04-23T07:53:15Z;"An Israeli air strike has targeted a group of civilians in northern Gaza, killing at least five Palestinians, according to Gazas civil defence agency.
Five Palestinians, including three children, we… [+2299 chars]";Unknown;Conflict-Driven Crisis (war, violence, attacks on healthcare);negative
CounterPunch;John R. Johnson;Cuba Needs Help, Not Military Intervention;In Cuba, hardship is not abstract. On my most recent visit, I watched residents use metal rods to probe beneath the pavement for water lines because municipal pump failures had left them scrambling for access to drinking water. If U.S. policy is meant to help…;https://www.counterpunch.org/2026/04/23/cuba-needs-help-not-military-intervention/;2026-04-23T05:50:53Z;"Falla Cuba – Dénia 2025- Secció 4ªA. Sector 6 Russafa B. Título: “Al mal temps bona cara”. Artista: Enrique i Mario Cardells. Photograph Source: Ponscor – CC BY-SA 4.0
In Cuba, hardship is not abstr… [+4110 chars]";Unknown;Displacement-Driven Crisis (refugees, camps, migration);negative
Truthout;Eman Abu Zayed;New Flotilla Shows Palestinians in Gaza That the World Has Not Abandoned Us;The persistence of the flotillas offers us hope -- that there are still those trying to reach us despite all obstacles.;https://truthout.org/articles/new-flotilla-shows-palestinians-in-gaza-that-the-world-has-not-abandoned-us/;2026-04-22T16:22:08Z;"Part of the Series
Honest, paywall-free news is rare. Please support our boldly independent journalism with a donation of any size.
When word of an upcoming maritime flotilla coming from countries … [+8786 chars]";Unknown;Displacement-Driven Crisis (refugees, camps, migration);positive
Globalresearch.ca;Kamran Qureshi;The Unbroken Thread: Debt, War, and the Normalization of Elite Power (1694-2026);"Abstract
This essay argues that the mechanisms of elite control debt-based money, sovereign loans, war financing, and wealth concentration have remained structurally continuous from the medieval period to the present. While mainstream historians dismiss the c…";https://www.globalresearch.ca/debt-war-normalization-elite-power/5923333;2026-04-22T13:06:01Z;"Abstract
This essay argues that the mechanisms of elite control debt-based money, sovereign loans, war financing, and wealth concentration have remained structurally continuous from the medieval per… [+25973 chars]";Unknown;Epidemic & Disease-Driven Crisis (cholera, outbreak, infectious disease);neutral
Mcsweeneys.net;Emily Greenberg and Cliff Mayotte;Lest We Forget the Horrors: An Unending Catalog of Trump’s Cruelties, Collusions, Corruptions, and Crimes: March 2026: Atrocities 805-866;Early in President Trump’s first term, McSweeney’s editors began to catalog the head-spinning number of misdeeds coming from his administration. We called this list a collection of Trump’s cruelties, collusions, corruptions, and crimes, and it felt urgent to …;https://www.mcsweeneys.net/articles/march-2026-atrocities-805-866;2026-04-22T12:00:00Z;Early in President Trump’s first term, McSweeney’s editors began to catalog the head-spinning number of misdeeds coming from his administration. We called this list a collection of Trump’s cruelties,… [+43818 chars];Unknown;Displacement-Driven Crisis (refugees, camps, migration);neutral
Globalsecurity.org;John Pike;Libya's Road Map 'Not Where We Would Like', Mission Chief Tells Security Council, as Speakers Call for Urgent Implementation, Political Will to Break Status Quo;The Security Council today broadly agreed on the steps towards Libya's peace and stability — including elections, institutional reunification, security sector reform and economic transparency — but emphasized that the real test will be effective implementatio…;https://www.globalsecurity.org/wmd/library/news/libya/2026/libya-260422-unsc01.htm;2026-04-22T12:00:00Z;"Meetings CoverageSecurity Council
10142nd Meeting (AM)
SC/1634622 April 2026
The Security Council today broadly agreed on the steps towards Libya's peace and stability including elections, institu… [+7974 chars]";Libya;Conflict-Driven Crisis (war, violence, attacks on healthcare);positive
The New Republic;Right Now With Perry Bacon;Transcript: How the Media Failed the Palestinians;This is a lightly edited transcript of the April 22 edition of Right Now With Perry Bacon. You can watch the video here or by following this show on YouTube or Substack.Perry Bacon: I’m the host of Right Now on The New Republic. I’m joined today by Adam Johns…;https://newrepublic.com/article/209239/transcript-media-failed-palestinians;2026-04-22T10:00:00Z;"This is a lightly edited transcript of the April 22 edition of Right Now With Perry Bacon. You can watch the video here or by following this show on YouTube or Substack.
Perry Bacon: Im the host of … [+59968 chars]";Unknown;Displacement-Driven Crisis (refugees, camps, migration);neutral
NBC News;Jennifer Jett;Trump may send Afghan allies who were promised new lives in the U.S. to Congo instead;Hundreds of Afghan refugees who helped the United States fight the Taliban may be sent to the Democratic Republic of Congo after the Trump administration halted their U.S. resettlement, an advocacy group said;https://www.nbcnews.com/world/asia/trump-send-afghan-allies-us-congo-taliban-qatar-camp-refugees-rcna341352;2026-04-22T08:11:18Z;Hundreds of Afghan refugees who helped the United States fight the Taliban may be sent to the Democratic Republic of Congo after the Trump administration halted their U.S. resettlement, an advocacy g… [+6098 chars];Democratic Republic of Congo;Displacement-Driven Crisis (refugees, camps, migration);neutral
Holyseemission.org;https://www.facebook.com/pages/Holy-See-UN/1485490781744692;Statement of the Holy See at the 25th United Nations Permanent Forum on Indigenous Issues “Ensuring Indigenous Peoples’ health, including in the context of conflict”;Statement of the Holy See at the 25th United Nations Permanent Forum on Indigenous Issues “Ensuring Indigenous Peoples’ health, including in the context of conflict”holyseemission.org;https://holyseemission.org/contents//statements/69e7e5f8d569e.php;2026-04-22T07:02:08Z;"New York, 21 April 2026
Madam Chair,
The Holy See welcomes the timely focus of this 25th Session of the Forum on the health of Indigenous Peoples, with particular attention to the devastating impac… [+2285 chars]";Unknown;Epidemic & Disease-Driven Crisis (cholera, outbreak, infectious disease);neutral
DW (English);Martin Muno;Digital memory at stake: Why news outlets block the Wayback Machine;"The ""Wayback Machine,"" custodian of digital memory, is fighting for its survival. An increasing number of media outlets are refusing to allow the Web Archive to archive their content.";https://www.dw.com/en/digital-memory-at-stake-why-news-outlets-block-the-wayback-machine/a-76887853;2026-04-22T06:37:00Z;"For 30 years, the archive.org
internet platform has been archiving digital content. The ""Wayback Machine"" contains more than 1 billion archived web pages and is considered an indispensable tool for … [+6346 chars]";Unknown;Epidemic & Disease-Driven Crisis (cholera, outbreak, infectious disease);negative
Dailymail.com;Kelly Garino;Hyperwoke UCLA students blast college for inviting Israeli HOSTAGE abducted by Hamas on October 7 to speak on-campus: 'Harmful';Omer Shem Tov was among thousands at the Nova Music Festival in 2023 when Hamas launched its attack. He was taken hostage and spent 505 days held in tunnels under Gaza.;https://www.dailymail.com/news/article-15753395/UCLA-students-blast-college-Israeli-HOSTAGE-abducted-Hamas.html;2026-04-22T05:13:55Z;"Left-wing students at UCLA are pushing back against the school's decision to host an Israeli hostage, calling his appearance a 'harmful representation of ongoing violence.'
Omer Shem Tov who was tak… [+7687 chars]";Unknown;Conflict-Driven Crisis (war, violence, attacks on healthcare);negative
Human Rights Watch;Human Rights Watch;Ethiopia: Persecution of Tigrayans Unrelenting;"Click to expand Image
 



 
 
 

 
 
 
 
 Internally displaced people carry food parcels during a distribution at Seba Care displaced persons camp in Mekelle, Tigray region, Ethiopia, July 19, 2024.
 © 2024 MICHELE SPATARI/AFP via Getty Images
 
 


 
Author…";https://www.hrw.org/news/2026/04/22/ethiopia-persecution-of-tigrayans-unrelenting;2026-04-22T04:00:00Z;<ul><li>Authorities and security forces in Ethiopias contested Western Tigray Zone are arbitrarily detaining ethnic Tigrayans and severely restricting their movements, employment, and access to servi… [+23224 chars];Ethiopia;Displacement-Driven Crisis (refugees, camps, migration);neutral
ABC News (AU);Annika Burgess;Gaza recovery to cost $71 billion, UN–EU report finds;More than $US71 billion will be needed over the next 10 years for recovery and reconstruction in Gaza, according to a new report by the European Union and the United Nations.;https://www.abc.net.au/news/2026-04-22/gaza-strip-reconstruction-recovery-cost-israel-war-hamas/106587608;2026-04-22T01:56:46Z;"Once a place for families to play and relax, Gaza's coastlines are now crowded with makeshift tents.
And as springtime temperatures rise, thousands of displaced Palestinians are now dealing with a s… [+9765 chars]";Unknown;Conflict-Driven Crisis (war, violence, attacks on healthcare);neutral
Crisis24.com;;Cuba Faces Mounting Health Risks Amid Disease Outbreaks and Infrastructure Strain | Crisis24;Disease outbreaks, water shortages, and healthcare strain are increasing public health risks across Cuba.;https://www.crisis24.com/articles/cuba-faces-mounting-health-risks-amid-disease-outbreaks-and-infrastructure-strain;2026-04-21T19:27:15Z;"Drivers of Infectious Disease Risk 
Infectious disease activity in Cuba is being exacerbated by interrupted water supply, damage to sanitation infrastructure, and the accumulation of solid waste in … [+3758 chars]";Unknown;Epidemic & Disease-Driven Crisis (cholera, outbreak, infectious disease);negative
Cambridge.org;Cambridge University;“Before, I only knew how to shout. Now I know how to listen”: A national model for community-based child and caregiver mental health and psychosocial support in Syria;“Before, I only knew how to shout. Now I know how to listen”: A national model for community-based child and caregiver mental health and psychosocial support in Syriacambridge.org;https://www.cambridge.org/core/journals/international-review-of-the-red-cross/article/before-i-only-knew-how-to-shout-now-i-know-how-to-listen-a-national-model-for-communitybased-child-and-caregiver-mental-health-and-psychosocial-support-in-syria/7995EEBFF7482F53ADB404CBDCB5C191;2026-04-21T17:56:25Z;"Background
 Children exposed to armed conflict and repeated displacement face heightened risks, including violence, family separation, bereavement, multidimensional poverty, and disruption to social… [+52322 chars]";Unknown;Displacement-Driven Crisis (refugees, camps, migration);positive
Digital Journal;AFP;Arrests, hangings, blackout: Iran cranks up wartime repression;Iran has stepped up repression during the Middle East war with high-profile executions and hundreds of arrests, activists said on Tuesday, urging Washington to put human rights at the centre of any talks with the Islamic republic. There has been no let up dur…;https://www.digitaljournal.com/world/arrests-hangings-blackout-iran-cranks-up-wartime-repression/article;2026-04-21T17:47:20Z;"Repression continued in Iran even amid the ceasefire - Copyright AFP ATTA KENARE
Iran has stepped up repression during the Middle East war with high-profile executions and hundreds of arrests, activ… [+3847 chars]";Iran;Conflict-Driven Crisis (war, violence, attacks on healthcare);negative
Psychology Today;Mitzi Perdue MPA;Why People Risk Their Lives for Animals in War;In war, survival is not only physical, it's psychological. Many Ukrainians refuse to abandon their animals, even at great personal risk. There's a reason.;https://www.psychologytoday.com/us/blog/to-end-human-trafficking/202604/why-people-risk-their-lives-for-animals-in-war;2026-04-21T17:07:32Z;A woman stands in a doorway with a small backpack. The shelling is no longer distant. It comes in uneven burstsa sharp crack followed by a dull, concussive thud. The pauses between impacts are gettin… [+6299 chars];Unknown;Conflict-Driven Crisis (war, violence, attacks on healthcare);negative
Thenation.com;M Ceniza;We Need to Tear Down the Adoption Industry;"M Ceniza



Adoption as practiced in the US is rooted in racism, imperialism, colonialism, and outright abduction. It's time to do something different.




The post We Need to Tear Down the Adoption Industry appeared first on The Nation.";https://www.thenation.com/article/society/us-adoption-imperialism-joshua-mast/;2026-04-21T14:25:04Z;"Adoption as practiced in the US is rooted in racism, imperialism, colonialism, and outright abduction. It’s time to do something different.
Edit
Ad Policy
Joshua Mast speaking to CBS News in 2023.… [+24779 chars]";Unknown;Displacement-Driven Crisis (refugees, camps, migration);negative
Plos.org;Madeleine Kruth, Lemfuka Dieudonné, Farhad Udwadia, Catherine Binda, Emilie Joos, Shahrzad Joharifard;Perspective of Liberian surgical care providers on ethical issues in global surgical collaborations;As the field of global surgery develops, increased attention is being paid to its ethical considerations. However, there is a dearth of research on ethical challenges in global surgery that includes the voices of providers from Low- and Middle-Income Countrie…;https://journals.plos.org/plosone/article?id=10.1371/journal.pone.0347519;2026-04-21T14:00:00Z;"Citation: Kruth M, Dieudonné L, Udwadia F, Binda C, Joos E, Joharifard S (2026) Perspective of Liberian surgical care providers on ethical issues in global surgical collaborations. PLoS One 21(4):
 … [+47813 chars]";Liberia;Displacement-Driven Crisis (refugees, camps, migration);neutral
Plos.org;Saime Ulucayli, Afet Arkut, Anele Lunga;The gap between knowledge and action in Zimbabwe: The limits of individual awareness in the face of structural violence in cholera endemicity;Background/Objectives Zimbabwe faces a protracted cholera crisis exacerbated by El Niño-induced droughts, transitioning from episodic outbreaks to an endemic public health emergency. While recurrent outbreaks are often attributed to poor community awareness, …;https://journals.plos.org/plosone/article?id=10.1371/journal.pone.0347844;2026-04-21T14:00:00Z;"Abstract
Background/Objectives
Zimbabwe faces a protracted cholera crisis exacerbated by El Niño-induced droughts, transitioning from episodic outbreaks to an endemic public health emergency. While… [+27944 chars]";Zimbabwe;Epidemic & Disease-Driven Crisis (cholera, outbreak, infectious disease);negative
Abcnews.com;SAMY MAGDY Associated Press;Libya fueled war in Sudan with Colombian mercenaries and equipment, UN report finds;United Nations experts have found that paramilitaries fighting against the Sudanese military received support from an armed group in Libya, adding more chaos to the devastating war in Sudan;https://abcnews.com/International/wireStory/libya-fueled-war-sudan-colombian-mercenaries-equipment-report-132235661;2026-04-21T13:37:53Z;CAIRO -- An armed group in Libya helped the transfer of former Colombian military personnel to fight with the Rapid Support Forces paramilitary group against the Sudanese military, according to a Uni… [+3099 chars];Sudan;Conflict-Driven Crisis (war, violence, attacks on healthcare);negative
Al Jazeera English;Al Jazeera Staff;Palestine weekly wrap: Coordinated attacks and evictions in Gaza, West Bank;The killings of Palestinians in Gaza and settler violence across the West Bank are both continuing to surge.;https://www.aljazeera.com/news/2026/4/21/palestine-weekly-wrap-coordinated-attacks-and-evictions-in-gaza-west-bank;2026-04-21T13:33:56Z;There was a time when various developments from this past week such as the Israeli government spending hundreds of thousands of dollars promoting ultra-nationalist marches, a sanctioned settler leadi… [+9166 chars];Unknown;Conflict-Driven Crisis (war, violence, attacks on healthcare);negative
Shtfplan.com;Mac Slavo;The U.S. Navy Just Blew A Giant Hole In An Iranian Cargo Ship;Apparently the Trump administration was not kidding when it warned that no Iranian ships would be allowed through the blockade. Just a little while ago, Donald Trump announced that the U.S. Navy has blown an enormous hole in the side of an Iranian cargo vesse…;https://www.shtfplan.com/war/the-u-s-navy-just-blew-a-giant-hole-in-an-iranian-cargo-ship;2026-04-21T12:30:54Z;This article was originally published by Micahel Snyder at The Economic Collapse Blog under the title: The U.S. Navy Just Blew A Giant Hole In An Iranian Cargo Ship As The Crisis In The Strait Of Hor… [+11451 chars];Iran;Conflict-Driven Crisis (war, violence, attacks on healthcare);negative
Globalsecurity.org;John Pike;Sudan: Statement by the High Representative on behalf of the European Union marking three years of war;Three years since the outbreak of war in Sudan, the suffering of the Sudanese people continues unabated. The conflict between the Sudanese Armed Forces (SAF), the Rapid Support Forces (RSF) and their respective affiliated militias is destroying lives and depr…;https://www.globalsecurity.org/military/library/news/2026/04/mil-260421-ec01.htm;2026-04-21T12:00:00Z;"European Council / Council of the European Union
Council of the EUPress release21 April 2026 17:50
Three years since the outbreak of war in Sudan, the suffering of the Sudanese people continues una… [+3453 chars]";Sudan;Conflict-Driven Crisis (war, violence, attacks on healthcare);negative
Globalsecurity.org;John Pike;Strait of Hormuz: With hunger looming, life-saving fertiliser shipments cannot wait, head of UN task force says;As the Persian Gulf crisis continues, time is ticking for farmers who rely on fertilizer shipped via the Strait of Hormuz - and millions worldwide who depend on their crops, particularly in vulnerable countries such as war-torn Sudan.;https://www.globalsecurity.org/wmd/library/news/iran/2026/04/iran-260421-unnews01.htm;2026-04-21T12:00:00Z;21 April 2026 - As the Persian Gulf crisis continues, time is ticking for farmers who rely on fertilizer shipped via the Strait of Hormuz - and millions worldwide who depend on their crops, particula… [+6798 chars];Unknown;Displacement-Driven Crisis (refugees, camps, migration);negative
Digital Journal;AFP;Russia, North Korea connect road bridge ahead of summer opening;Russia and North Korea held a ceremony Tuesday to mark the joining of the first road bridge connecting the countries, set to open for traffic this summer, Moscow said. Ties between the two heavily sanctioned countries have surged amid Russia’s war on Ukraine,…;https://www.digitaljournal.com/world/russia-north-korea-connect-road-bridge-ahead-of-summer-opening/article;2026-04-21T09:47:32Z;This handout image released by the Russian Transport Ministry shows a ceremony marking the connection of the two sides of the new Russia-North Korea road bridge - Copyright Russian Transport Ministry… [+2065 chars];North Korea;Conflict-Driven Crisis (war, violence, attacks on healthcare);neutral
World Health Organization;;Yemen: WHO Health Emergency Appeal 2026;Yemen remains one of the world’s most severe humanitarian crises, driven by prolonged conflict, economic collapse, food insecurity, recurrent disease outbreaks and climate shocks.;https://www.who.int/publications/m/item/yemen--who-health-emergency-appeal-2026;2026-04-21T08:57:30Z;"Overview 
Yemen remains one of the world’s most severe humanitarian crises, driven by prolonged conflict, economic collapse, food insecurity, recurrent disease outbreaks and climate shocks. In 2026,… [+399 chars]";Yemen;Conflict-Driven Crisis (war, violence, attacks on healthcare);negative
Opiniojuris.org;Marianne Vitug;Sexual and Reproductive Violence as Genocide in The Gambia v. Myanmar;[Marianne Crielle G. Vitug is a Legal Fellow at the Global Justice Center (GJC)] In January 2026, the International Court of Justice held hearings on the merits in the case concerning the Application on the Convention Application of the Convention on the Prev…;http://opiniojuris.org/2026/04/21/sexual-and-reproductive-violence-as-genocide-in-the-gambia-v-myanmar/;2026-04-21T08:00:38Z;"[Marianne Crielle G. Vitug is a Legal Fellow at the Global Justice Center (GJC)]
In
January 2026, the International Court of Justice held hearings
on the merits in the case concerning the Applicat… [+16889 chars]";Unknown;Epidemic & Disease-Driven Crisis (cholera, outbreak, infectious disease);neutral
Independent.ie;Birke Herzbruch;Birke Herzbruch: Civilians pay the highest price in Sudan’s ‘forgotten war’;As Sudan marked its third anniversary of war, the most striking thing was not the scale of suffering but the scale of indifference.;https://www.independent.ie/opinion/comment/birke-herzbruch-civilians-pay-the-highest-price-in-sudans-forgotten-war/a2129568194.html;2026-04-21T04:30:00Z;"Humanitarian crisis worsens as violence continues to devastate communities and displace families, yet international attention remains limited
As Sudan marked its third anniversary of war, the most s… [+4174 chars]";Sudan;Conflict-Driven Crisis (war, violence, attacks on healthcare);negative
The Punch;Punch Newspapers;N6bn ransom demand for Borno, Kaduna victims sparks security fears;"Terrorists issue N6bn in coordinated ransom demands for hundreds of victims abducted in Borno and Kaduna, Nigeria, heightening security fears.

Read More: https://punchng.com/n6bn-ransom-demand-for-borno-kaduna-victims-sparks-security-fears/";https://punchng.com/n6bn-ransom-demand-for-borno-kaduna-victims-sparks-security-fears/;2026-04-20T23:25:43Z;"Fresh concerns over Nigerias worsening security crisis have emerged following coordinated ransom demands totalling N6bn by terrorists holding hundreds of abducted victims in Borno and Kaduna states.… [+16662 chars]";Niger;Conflict-Driven Crisis (war, violence, attacks on healthcare);negative
Al Jazeera English;Adam Hancock;Fears over Ethiopia peace deal as TPLF restores Tigray government;Announcement from Tigray's main political party has sparked concern over the potential resumption of a deadly conflict.;https://www.aljazeera.com/news/2026/4/20/fears-over-ethiopia-peace-deal-as-tplf-restores-tigray-government;2026-04-20T22:05:23Z;"Tigrays main political party has announced that it is taking back control of the regions government, effectively ending a peace deal between Ethiopias federal government and the northern region.
The… [+2080 chars]";Ethiopia;Conflict-Driven Crisis (war, violence, attacks on healthcare);negative
Globalresearch.ca;Laala Bechetoula;Baby Killers: The State of Israel, Its Patrons, and the Industrialized Slaughter of Children;"They were not collateral damage. They were the target. And we knew. And we watched. And we supplied the weapons. And we vetoed the resolutions. And we called it self-defense. — The Verdict History Will Record

To read this article …
The post Baby Killers: The…";https://www.globalresearch.ca/israel-patrons-industrialized-slaughter-children/5923095;2026-04-20T19:34:24Z;They were not collateral damage. They were the target. And we knew. And we watched. And we supplied the weapons. And we vetoed the resolutions. And we called it self-defense.  The Verdict History Wil… [+36701 chars];Unknown;Conflict-Driven Crisis (war, violence, attacks on healthcare);neutral
Al Jazeera English;Al Jazeera Staff;Woman charged in US with trafficking arms to Sudan for Iranian government;US accuses Iranian citizen of brokering arms deals, including for drones and ammunition, with Sudan Ministry of Defence.;https://www.aljazeera.com/news/2026/4/20/woman-charged-in-us-with-trafficking-arms-to-sudan-for-iranian-government;2026-04-20T17:46:29Z;"An Iranian national has been arrested at Los Angeles International Airport for allegedly trafficking arms to Sudan on behalf of Tehran, the US Department of Justice says.
Shamim Mafi, 44, was arrest… [+2250 chars]";Sudan;Displacement-Driven Crisis (refugees, camps, migration);negative
The Week Magazine;theweekonlineeditors@futurenet.com (The Week US) , The Week US;Cuba goes dark;The U.S. oil blockade is pushing the island and its communist regime to the brink of collapse;https://theweek.com/world-news/cuba-goes-dark;2026-04-20T16:44:30Z;"What’s the situation in Cuba? 
The country is running out of fuel—and fast. Oil shipments from Venezuela, Cuba’s main fuel supplier for the past three decades, ended in January after the U.S. attack… [+6368 chars]";Venezuela;Displacement-Driven Crisis (refugees, camps, migration);negative
Breitbart News;Frances Martel;Russia's Allies in Occupied Ukraine Seek to Strengthen North Korea’s Foothold in Europe;A Russian official selected to control the occupied Ukrainian region of Kherson revealed that he had recently met with North Korea’s top diplomat in Moscow to discuss the country potentially buying agricultural products seized in the ongoing invasion, South K…;https://www.breitbart.com/asia/2026/04/20/russias-allies-in-occupied-ukraine-seek-to-strengthen-north-koreas-foothold-in-europe/;2026-04-20T14:00:14Z;A Russian official selected to control the occupied Ukrainian region of Kherson revealed that he had recently met with North Koreas top diplomat in Moscow to discuss the country potentially buying ag… [+5288 chars];North Korea;Conflict-Driven Crisis (war, violence, attacks on healthcare);neutral
Haaretz;Tom Levinson;Five Israeli families of killed hostages. Five different stories of remembrance;Tamir Nimrodi's father learned of his death after 740 days. When Idan Shtivi was declared dead, his mother accepted it – but not his father. Yagev Buchshtav's parents were informed twice that their son had been killed. Shlomo Mansour's sister carries a heavy …;https://www.haaretz.com/israel-news/2026-04-20/ty-article-magazine/five-israeli-families-of-killed-hostages-five-different-stories-of-remembrance/0000019d-aa0d-d669-adff-fa2dbe9f0000;2026-04-20T13:45:42Z;Alon Nimrodi, whose son Tamir was killed in Hamas captivity, finds it difficult to distill his feelings. Many words go through his mind: inferno, longing, anger, pain, distress. He tries to articulat… [+22088 chars];Unknown;Displacement-Driven Crisis (refugees, camps, migration);negative
Unfpa.org;;Japan and UNFPA Launch New Project to Deliver Health and Protection Services for Women and Girls in Palestine;Japan and UNFPA Launch New Project to Deliver Health and Protection Services for Women and Girls in Palestineunfpa.org;https://palestine.unfpa.org/en/news/japan-and-unfpa-launch-new-project-deliver-health-and-protection-services-women-and-girls;2026-04-20T13:31:48Z;"April 20, 2026 Ramallah      
The Government of Japan has provided USD 2.4 million to UNFPA, the United Nations sexual and reproductive health agency, for a 12-month project titled Essential Access:… [+4186 chars]";Unknown;Epidemic & Disease-Driven Crisis (cholera, outbreak, infectious disease);neutral
Mondoweiss;Tareq S. Hajjaj;Israel is (still) killing aid workers in Gaza;Officials say Israel’s attacks on humanitarian aid workers aim to block essential aid from reaching Palestinians, as Israel continues to impose a blockade on Gaza seven months into the so-called “ceasefire.”;https://mondoweiss.net/2026/04/israel-is-still-killing-aid-workers-in-gaza/;2026-04-20T13:16:20Z;Majdi Aslan, 54, was driving a truck for the UNs World Health Organization (WHO) on April 6 when the Israeli army killed him in Khan Younis, in southern Gaza. Aslan was the main driver in a WHO convo… [+6132 chars];Unknown;Conflict-Driven Crisis (war, violence, attacks on healthcare);negative
DW (English);Michael Oti;Sudan war enters fourth year as child hunger crisis deepens;Sudan’s war has displaced millions, leaving parts of the country facing famine. Aid agencies warn children are bearing the brunt as food shortages worsen and humanitarian funding declines.;https://www.dw.com/en/sudan-war-enters-fourth-year-as-child-hunger-crisis-deepens/a-76837481;2026-04-20T12:29:00Z;"""The reality for children in Sudan is growing darker hour by hour,"" Eva Hinds, spokeswoman for the UN's children's agency (UNICEF), said last week as the country's civil war entered its fourth year. … [+3571 chars]";Sudan;Food & Nutrition-Driven Crisis (famine, malnutrition, starvation);negative
DW (English);Michael Oti;Sudan's three-year war deepens child and hunger crisis;Millions have been displaced by Sudan's war, pushing parts of the country toward famine. Aid agencies warn children are paying the heaviest price as food shortages grow and humanitarian funding falls.;https://www.dw.com/en/sudans-three-year-war-deepens-child-and-hunger-crisis/a-76837481;2026-04-20T12:29:00Z;"""The reality for children in Sudan is growing darker hour by hour,"" Eva Hinds, spokeswoman for the UN's children's agency (UNICEF), said last week as the country's civil war entered its fourth year. … [+3627 chars]";Sudan;Displacement-Driven Crisis (refugees, camps, migration);negative
DW (English);Michael Oti;Sudan war fuels child hunger crisis;Sudan's war, now in its fourth year, has displaced millions, leaving parts of the country facing famine. Aid agencies warn that children are bearing the brunt as food shortages worsen and humanitarian funding declines.;https://www.dw.com/en/sudan-war-global-food-security-humanitarian-crisis-children-hunger/a-76837481;2026-04-20T12:29:00Z;"""The reality for children in Sudan is growing darker hour by hour,"" Eva Hinds, spokeswoman for the UN's children's agency (UNICEF), said last week as the country's civil war entered its fourth year. … [+3629 chars]";Sudan;Conflict-Driven Crisis (war, violence, attacks on healthcare);negative
Globalsecurity.org;John Pike;Sweden increases humanitarian support to Lebanon;Sweden is announcing an additional humanitarian support package to Lebanon of SEK 70 million.;https://www.globalsecurity.org/military/library/news/2026/04/mil-260420-govse01.htm;2026-04-20T12:00:00Z;"Government Offices of Sweden
Press release from Ministry for Foreign Affairs
Published 20 April 2026
Sweden is announcing an additional humanitarian support package to Lebanon of SEK 70 million. T… [+4892 chars]";Lebanon;Displacement-Driven Crisis (refugees, camps, migration);neutral
Globalsecurity.org;John Pike;UN experts call for immediate suspension of EU-Israel trade agreement as 'minimum requirement' under international law;The European Union (EU) must immediately suspend the EU-Israel Association Agreement, which has granted Israel preferential access to the European market since 2000, despite well-documented human rights violations that have escalated into atrocity crimes, inc…;https://www.globalsecurity.org/wmd/library/news/israel/2026/04/israel-260420-ohchr01.htm;2026-04-20T12:00:00Z;"Press releasesSpecial Procedures
20 April 2026
GENEVA -- The European Union (EU) must immediately suspend the EU-Israel Association Agreement, which has granted Israel preferential access to the Eu… [+8069 chars]";Unknown;Conflict-Driven Crisis (war, violence, attacks on healthcare);negative
Al Jazeera English;Mohamed Mirghani, Mariem Bah;Inside war-hit Sudan’s only functioning hospital curing tropical diseases;Sudan's health ministry says 37 percent of country's health facilities are out of service as war enters its fourth year.;https://www.aljazeera.com/news/2026/4/20/inside-war-hit-sudans-only-functioning-hospital-curing-tropical-diseases;2026-04-20T09:10:16Z;"Khartoum, Sudan Omar Othman, a gold miner in northern Sudans Abu Hamad town, had hoped for a fresh start to life in the capital only for those hopes to be cut short by illness.
For months, he had wo… [+5298 chars]";Sudan;Conflict-Driven Crisis (war, violence, attacks on healthcare);negative
Israelnationalnews.com;Rabbi Yair Hoffman;Gaza's Jewish past - and a blueprint for Its Jewish future;Gaza's future must be built on truth. And the truth is that the Jews were there first, returned again and again, and were expelled each time by force.;https://www.israelnationalnews.com/news/425768;2026-04-20T07:04:09Z;Gaza is a devastated territory that needs to be reconstructed. It is a necessary humanitarian project that will require tons of concrete and billions of donor dollars. But beneath the rubble of Gaza … [+12593 chars];Unknown;Conflict-Driven Crisis (war, violence, attacks on healthcare);negative
Rocknrollbride.com;Guest Contributor;Yes, I’m a Feminist… And I’m Excited to Be a Bride;When I was eight, I came down with the flu. Coincidentally, it was about the same time my Twilight DVD was delivered so, for two and a half weeks, I watched that movie obsessively – the deleted scenes, the commentary, every little detail. It was my first real…;https://www.rocknrollbride.com/2026/04/yes-im-a-feminist-and-im-excited-to-be-a-bride/;2026-04-20T07:00:00Z;When I was eight, I came down with the flu. Coincidentally, it was about the same time my Twilight DVD was delivered so, for two and a half weeks, I watched that movie obsessively the deleted scenes,… [+4771 chars];Unknown;Epidemic & Disease-Driven Crisis (cholera, outbreak, infectious disease);neutral
CounterPunch;Palestine Mental Health Networks;Criminalizing Their Protectors is Yet Another Crime Against Palestinian Children;For 35 years, Defense for Children International – Palestine did what no institution with power was willing to do: it witnessed. It deployed field researchers in the occupied West Bank. It collected sworn affidavits, obtained medical records, reviewed CCTV fo…;https://www.counterpunch.org/2026/04/20/criminalizing-their-protectors-is-yet-another-crime-against-palestinian-children/;2026-04-20T05:00:17Z;For 35 years, Defense for Children International Palestine did what no institution with power was willing to do: it witnessed. It deployed field researchers in the occupied West Bank. It collected sw… [+8675 chars];Palestine;Epidemic & Disease-Driven Crisis (cholera, outbreak, infectious disease);neutral
The Punch;Punch Newspapers;Remi Tinubu’s initiative mobilises N100bn in three years;"Discover how the Renewed Hope Initiative, led by First Lady Remi Tinubu, has mobilized and disbursed over N100bn for various social welfare programs.

Read More: https://punchng.com/remi-tinubus-initiative-mobilises-n100bn-in-three-years/";https://punchng.com/remi-tinubus-initiative-mobilises-n100bn-in-three-years/;2026-04-19T23:25:20Z;The Renewed Hope Initiative of the First Lady, Oluremi Tinubu, has cumulatively mobilised and disbursed over N100bn in the past three years, according to a review of its interventions from 2023 to Ap… [+6358 chars];Unknown;Displacement-Driven Crisis (refugees, camps, migration);positive
The Punch;Punch Newspapers;Iranian arrested in US for trafficking drones, bombs to Sudan;"An Iranian national, Shamim Mafi, was arrested in Los Angeles for alleged arms trafficking, accused of brokering the sale of Iranian drones and bombs to Su

Read More: https://punchng.com/iranian-arrested-in-us-for-trafficking-drones-bombs-to-sudan/";https://punchng.com/?p=2121109;2026-04-19T22:38:49Z;"US federal prosecutors said Sunday an Iranian national was arrested at Los Angeles International Airport for allegedly trafficking arms to Sudan on behalf of Tehran.
Shamim Mafi, 44, is charged with… [+1418 chars]";Sudan;Conflict-Driven Crisis (war, violence, attacks on healthcare);negative
Theeconomiccollapseblog.com;Michael;The U.S. Navy Just Blew A Giant Hole In An Iranian Cargo Ship As The Crisis In The Strait Of Hormuz Escalates To An Entirely New Level;Apparently the Trump administration was not kidding when it warned that no Iranian ships would be allowed through the blockade. Just a little while ago, Donald Trump announced that the U.S. Navy has blown an enormous hole in the side of an Iranian cargo vesse…;http://theeconomiccollapseblog.com/the-u-s-navy-just-blew-a-giant-hole-in-an-iranian-cargo-ship-as-the-crisis-in-the-strait-of-hormuz-escalates-to-an-entirely-new-level/;2026-04-19T20:48:03Z;Apparently the Trump administration was not kidding when it warned that no Iranian ships would be allowed through the blockade. Just a little while ago, Donald Trump announced that the U.S. Navy has … [+11234 chars];Iran;Conflict-Driven Crisis (war, violence, attacks on healthcare);negative
Antiwar.com;J.D. Hester;Remembering the Catholic Bishop Behind Lebanon’s Resistance to Israel;Following President Donald Trump’s vicious attacks on Pope Leo XIV for refusing to back his “atrocious” war in Iran, the United States and Israel have finally achieved a 10-day ceasefire after holding talks with Lebanon. The negotiations came after Israel bla…;https://www.antiwar.com/blog/2026/04/19/remembering-the-catholic-bishop-behind-lebanons-resistance-to-israel/;2026-04-19T15:41:35Z;Following President Donald Trumps vicious attacks on Pope Leo XIV for refusing to back his atrocious war in Iran, the United States and Israel have finally achieved a 10-day ceasefire after holding t… [+5060 chars];Iran;Conflict-Driven Crisis (war, violence, attacks on healthcare);neutral
Christianity.com;Dr. Dennis Sempebwa;Facing the Reality of War with Biblical Truth;Explore a biblical perspective on war, urging Christians to pursue peace while rejecting naïve views of human nature and evil in a fallen world.;https://www.christianity.com/wiki/current-events/facing-the-reality-of-war-with-biblical-truth.html;2026-04-19T04:00:00Z;The church must pursue peace without surrendering biblical realism about evil. Please permit me to say something about the current war in the Middle Eastnot as a pundit, but as a Christian, and as a … [+8849 chars];Unknown;Displacement-Driven Crisis (refugees, camps, migration);neutral
Activistpost.com;Editor;When War Teaches Medicine;War is the most unrestrained expression of humanity’s destructive capacity, a setting where order disintegrates, moral boundaries are tested, and life is reduced to its most vulnerable state. Medicine, by contrast, stands as a deliberate act of resistance aga…;https://www.activistpost.com/when-war-teaches-medicine/;2026-04-19T01:05:00Z;War is the most unrestrained expression of humanitys destructive capacity, a setting where order disintegrates, moral boundaries are tested, and life is reduced to its most vulnerable state. Medicine… [+11155 chars];Unknown;Conflict-Driven Crisis (war, violence, attacks on healthcare);negative
PBS;Isabel DeBre, Associated Press;Witnesses detail deadly Israeli strikes on medics in Lebanon;The three strikes, which killed four paramedics and wounded six others, is the latest example of Israel's willingness to target Lebanon's health sector. The attacks on the ambulances have drawn condemnation, including from the United Nations' human rights off…;https://www.pbs.org/newshour/world/witnesses-detail-deadly-israeli-strikes-on-medics-in-lebanon;2026-04-18T20:55:00Z;"NABATIYEH, Lebanon (AP) It was late morning when two ambulances slowed to a stop outside of the village of Mayfadoun in southern Lebanon.
Having heard minutes earlier on Wednesday that Israel had at… [+6609 chars]";Lebanon;Conflict-Driven Crisis (war, violence, attacks on healthcare);negative
